1	128	B	D	D
1	128	B	L	D
1	128	B	R	D
1	128	B	U	D
1	128	D	B	U
1	128	D	F	U
1	128	D	L	U
1	128	D	R	U
1	128	F	D	D
1	128	F	L	D
1	128	F	R	D
1	128	F	U	D
1	128	L	B	U
1	128	L	D	D
1	128	L	F	U
1	128	L	U	D
1	128	R	B	U
1	128	R	D	D
1	128	R	F	U
1	128	R	U	D
1	128	U	B	U
1	128	U	F	U
1	128	U	L	U
1	128	U	R	U
2	127	B	D	D
2	127	B	L	D
2	127	B	R	D
2	127	B	U	D
2	127	D	B	U
2	127	D	F	U
2	127	D	L	U
2	127	D	R	U
2	127	F	D	D
2	127	F	L	D
2	127	F	R	D
2	127	F	U	D
2	127	L	B	U
2	127	L	D	D
2	127	L	F	U
2	127	L	U	D
2	127	R	B	U
2	127	R	D	D
2	127	R	F	U
2	127	R	U	D
2	127	U	B	U
2	127	U	F	U
2	127	U	L	U
2	127	U	R	U
3	126	B	D	U
3	126	B	L	U
3	126	B	R	U
3	126	B	U	U
3	126	D	B	D
3	126	D	F	D
3	126	D	L	D
3	126	D	R	D
3	126	F	D	U
3	126	F	L	U
3	126	F	R	U
3	126	F	U	U
3	126	L	B	D
3	126	L	D	U
3	126	L	F	D
3	126	L	U	U
3	126	R	B	D
3	126	R	D	U
3	126	R	F	D
3	126	R	U	U
3	126	U	B	D
3	126	U	F	D
3	126	U	L	D
3	126	U	R	D
5	101	B	D	U
5	101	B	L	U
5	101	B	R	U
5	101	B	U	U
5	101	D	B	D
5	101	D	F	D
5	101	D	L	D
5	101	D	R	D
5	101	F	D	U
5	101	F	L	U
5	101	F	R	U
5	101	F	U	U
5	101	L	B	D
5	101	L	D	U
5	101	L	F	D
5	101	L	U	U
5	101	R	B	D
5	101	R	D	U
5	101	R	F	D
5	101	R	U	U
5	101	U	B	D
5	101	U	F	D
5	101	U	L	D
5	101	U	R	D
9	28	B	D	D
9	28	B	L	D
9	28	B	R	D
9	28	B	U	D
9	28	D	B	U
9	28	D	F	U
9	28	D	L	U
9	28	D	R	U
9	28	F	D	D
9	28	F	L	D
9	28	F	R	D
9	28	F	U	D
9	28	L	B	U
9	28	L	D	D
9	28	L	F	U
9	28	L	U	D
9	28	R	B	U
9	28	R	D	D
9	28	R	F	U
9	28	R	U	D
9	28	U	B	U
9	28	U	F	U
9	28	U	L	U
9	28	U	R	U
10	102	B	D	D
10	102	B	L	D
10	102	B	R	D
10	102	B	U	D
10	102	D	B	U
10	102	D	F	U
10	102	D	L	U
10	102	D	R	U
10	102	F	D	D
10	102	F	L	D
10	102	F	R	D
10	102	F	U	D
10	102	L	B	U
10	102	L	D	D
10	102	L	F	U
10	102	L	U	D
10	102	R	B	U
10	102	R	D	D
10	102	R	F	U
10	102	R	U	D
10	102	U	B	U
10	102	U	F	U
10	102	U	L	U
10	102	U	R	U
14	27	B	D	D
14	27	B	L	D
14	27	B	R	D
14	27	B	U	D
14	27	D	B	U
14	27	D	F	U
14	27	D	L	U
14	27	D	R	U
14	27	F	D	D
14	27	F	L	D
14	27	F	R	D
14	27	F	U	D
14	27	L	B	U
14	27	L	D	D
14	27	L	F	U
14	27	L	U	D
14	27	R	B	U
14	27	R	D	D
14	27	R	F	U
14	27	R	U	D
14	27	U	B	U
14	27	U	F	U
14	27	U	L	U
14	27	U	R	U
15	103	B	D	D
15	103	B	L	D
15	103	B	R	D
15	103	B	U	D
15	103	D	B	U
15	103	D	F	U
15	103	D	L	U
15	103	D	R	U
15	103	F	D	D
15	103	F	L	D
15	103	F	R	D
15	103	F	U	D
15	103	L	B	U
15	103	L	D	D
15	103	L	F	U
15	103	L	U	D
15	103	R	B	U
15	103	R	D	D
15	103	R	F	U
15	103	R	U	D
15	103	U	B	U
15	103	U	F	U
15	103	U	L	U
15	103	U	R	U
19	26	B	D	U
19	26	B	L	U
19	26	B	R	U
19	26	B	U	U
19	26	D	B	D
19	26	D	F	D
19	26	D	L	D
19	26	D	R	D
19	26	F	D	U
19	26	F	L	U
19	26	F	R	U
19	26	F	U	U
19	26	L	B	D
19	26	L	D	U
19	26	L	F	D
19	26	L	U	U
19	26	R	B	D
19	26	R	D	U
19	26	R	F	D
19	26	R	U	U
19	26	U	B	D
19	26	U	F	D
19	26	U	L	D
19	26	U	R	D
21	51	B	D	U
21	51	B	L	U
21	51	B	R	U
21	51	B	U	U
21	51	D	B	D
21	51	D	F	D
21	51	D	L	D
21	51	D	R	D
21	51	F	D	U
21	51	F	L	U
21	51	F	R	U
21	51	F	U	U
21	51	L	B	D
21	51	L	D	U
21	51	L	F	D
21	51	L	U	U
21	51	R	B	D
21	51	R	D	U
21	51	R	F	D
21	51	R	U	U
21	51	U	B	D
21	51	U	F	D
21	51	U	L	D
21	51	U	R	D
22	52	B	D	D
22	52	B	L	D
22	52	B	R	D
22	52	B	U	D
22	52	D	B	U
22	52	D	F	U
22	52	D	L	U
22	52	D	R	U
22	52	F	D	D
22	52	F	L	D
22	52	F	R	D
22	52	F	U	D
22	52	L	B	U
22	52	L	D	D
22	52	L	F	U
22	52	L	U	D
22	52	R	B	U
22	52	R	D	D
22	52	R	F	U
22	52	R	U	D
22	52	U	B	U
22	52	U	F	U
22	52	U	L	U
22	52	U	R	U
23	53	B	D	D
23	53	B	L	D
23	53	B	R	D
23	53	B	U	D
23	53	D	B	U
23	53	D	F	U
23	53	D	L	U
23	53	D	R	U
23	53	F	D	D
23	53	F	L	D
23	53	F	R	D
23	53	F	U	D
23	53	L	B	U
23	53	L	D	D
23	53	L	F	U
23	53	L	U	D
23	53	R	B	U
23	53	R	D	D
23	53	R	F	U
23	53	R	U	D
23	53	U	B	U
23	53	U	F	U
23	53	U	L	U
23	53	U	R	U
101	5	B	D	D
101	5	B	L	D
101	5	B	R	D
101	5	B	U	D
101	5	D	B	U
101	5	D	F	U
101	5	D	L	U
101	5	D	R	U
101	5	F	D	D
101	5	F	L	D
101	5	F	R	D
101	5	F	U	D
101	5	L	B	U
101	5	L	D	D
101	5	L	F	U
101	5	L	U	D
101	5	R	B	U
101	5	R	D	D
101	5	R	F	U
101	5	R	U	D
101	5	U	B	U
101	5	U	F	U
101	5	U	L	U
101	5	U	R	U
102	10	B	D	U
102	10	B	L	U
102	10	B	R	U
102	10	B	U	U
102	10	D	B	D
102	10	D	F	D
102	10	D	L	D
102	10	D	R	D
102	10	F	D	U
102	10	F	L	U
102	10	F	R	U
102	10	F	U	U
102	10	L	B	D
102	10	L	D	U
102	10	L	F	D
102	10	L	U	U
102	10	R	B	D
102	10	R	D	U
102	10	R	F	D
102	10	R	U	U
102	10	U	B	D
102	10	U	F	D
102	10	U	L	D
102	10	U	R	D
103	15	B	D	U
103	15	B	L	U
103	15	B	R	U
103	15	B	U	U
103	15	D	B	D
103	15	D	F	D
103	15	D	L	D
103	15	D	R	D
103	15	F	D	U
103	15	F	L	U
103	15	F	R	U
103	15	F	U	U
103	15	L	B	D
103	15	L	D	U
103	15	L	F	D
103	15	L	U	U
103	15	R	B	D
103	15	R	D	U
103	15	R	F	D
103	15	R	U	U
103	15	U	B	D
103	15	U	F	D
103	15	U	L	D
103	15	U	R	D
105	134	B	D	U
105	134	B	L	U
105	134	B	R	U
105	134	B	U	U
105	134	D	B	D
105	134	D	F	D
105	134	D	L	D
105	134	D	R	D
105	134	F	D	U
105	134	F	L	U
105	134	F	R	U
105	134	F	U	U
105	134	L	B	D
105	134	L	D	U
105	134	L	F	D
105	134	L	U	U
105	134	R	B	D
105	134	R	D	U
105	134	R	F	D
105	134	R	U	U
105	134	U	B	D
105	134	U	F	D
105	134	U	L	D
105	134	U	R	D
109	55	B	D	D
109	55	B	L	D
109	55	B	R	D
109	55	B	U	D
109	55	D	B	U
109	55	D	F	U
109	55	D	L	U
109	55	D	R	U
109	55	F	D	D
109	55	F	L	D
109	55	F	R	D
109	55	F	U	D
109	55	L	B	U
109	55	L	D	D
109	55	L	F	U
109	55	L	U	D
109	55	R	B	U
109	55	R	D	D
109	55	R	F	U
109	55	R	U	D
109	55	U	B	U
109	55	U	F	U
109	55	U	L	U
109	55	U	R	U
110	139	B	D	D
110	139	B	L	D
110	139	B	R	D
110	139	B	U	D
110	139	D	B	U
110	139	D	F	U
110	139	D	L	U
110	139	D	R	U
110	139	F	D	D
110	139	F	L	D
110	139	F	R	D
110	139	F	U	D
110	139	L	B	U
110	139	L	D	D
110	139	L	F	U
110	139	L	U	D
110	139	R	B	U
110	139	R	D	D
110	139	R	F	U
110	139	R	U	D
110	139	U	B	U
110	139	U	F	U
110	139	U	L	U
110	139	U	R	U
114	60	B	D	D
114	60	B	L	D
114	60	B	R	D
114	60	B	U	D
114	60	D	B	U
114	60	D	F	U
114	60	D	L	U
114	60	D	R	U
114	60	F	D	D
114	60	F	L	D
114	60	F	R	D
114	60	F	U	D
114	60	L	B	U
114	60	L	D	D
114	60	L	F	U
114	60	L	U	D
114	60	R	B	U
114	60	R	D	D
114	60	R	F	U
114	60	R	U	D
114	60	U	B	U
114	60	U	F	U
114	60	U	L	U
114	60	U	R	U
115	144	B	D	D
115	144	B	L	D
115	144	B	R	D
115	144	B	U	D
115	144	D	B	U
115	144	D	F	U
115	144	D	L	U
115	144	D	R	U
115	144	F	D	D
115	144	F	L	D
115	144	F	R	D
115	144	F	U	D
115	144	L	B	U
115	144	L	D	D
115	144	L	F	U
115	144	L	U	D
115	144	R	B	U
115	144	R	D	D
115	144	R	F	U
115	144	R	U	D
115	144	U	B	U
115	144	U	F	U
115	144	U	L	U
115	144	U	R	U
119	65	B	D	U
119	65	B	L	U
119	65	B	R	U
119	65	B	U	U
119	65	D	B	D
119	65	D	F	D
119	65	D	L	D
119	65	D	R	D
119	65	F	D	U
119	65	F	L	U
119	65	F	R	U
119	65	F	U	U
119	65	L	B	D
119	65	L	D	U
119	65	L	F	D
119	65	L	U	U
119	65	R	B	D
119	65	R	D	U
119	65	R	F	D
119	65	R	U	U
119	65	U	B	D
119	65	U	F	D
119	65	U	L	D
119	65	U	R	D
121	90	B	D	U
121	90	B	L	U
121	90	B	R	U
121	90	B	U	U
121	90	D	B	D
121	90	D	F	D
121	90	D	L	D
121	90	D	R	D
121	90	F	D	U
121	90	F	L	U
121	90	F	R	U
121	90	F	U	U
121	90	L	B	D
121	90	L	D	U
121	90	L	F	D
121	90	L	U	U
121	90	R	B	D
121	90	R	D	U
121	90	R	F	D
121	90	R	U	U
121	90	U	B	D
121	90	U	F	D
121	90	U	L	D
121	90	U	R	D
122	85	B	D	U
122	85	B	L	U
122	85	B	R	U
122	85	B	U	U
122	85	D	B	D
122	85	D	F	D
122	85	D	L	D
122	85	D	R	D
122	85	F	D	U
122	85	F	L	U
122	85	F	R	U
122	85	F	U	U
122	85	L	B	D
122	85	L	D	U
122	85	L	F	D
122	85	L	U	U
122	85	R	B	D
122	85	R	D	U
122	85	R	F	D
122	85	R	U	U
122	85	U	B	D
122	85	U	F	D
122	85	U	L	D
122	85	U	R	D
123	80	B	D	D
123	80	B	L	D
123	80	B	R	D
123	80	B	U	D
123	80	D	B	U
123	80	D	F	U
123	80	D	L	U
123	80	D	R	U
123	80	F	D	D
123	80	F	L	D
123	80	F	R	D
123	80	F	U	D
123	80	L	B	U
123	80	L	D	D
123	80	L	F	U
123	80	L	U	D
123	80	R	B	U
123	80	R	D	D
123	80	R	F	U
123	80	R	U	D
123	80	U	B	U
123	80	U	F	U
123	80	U	L	U
123	80	U	R	U
51	21	B	D	D
51	21	B	L	D
51	21	B	R	D
51	21	B	U	D
51	21	D	B	U
51	21	D	F	U
51	21	D	L	U
51	21	D	R	U
51	21	F	D	D
51	21	F	L	D
51	21	F	R	D
51	21	F	U	D
51	21	L	B	U
51	21	L	D	D
51	21	L	F	U
51	21	L	U	D
51	21	R	B	U
51	21	R	D	D
51	21	R	F	U
51	21	R	U	D
51	21	U	B	U
51	21	U	F	U
51	21	U	L	U
51	21	U	R	U
52	22	B	D	U
52	22	B	L	U
52	22	B	R	U
52	22	B	U	U
52	22	D	B	D
52	22	D	F	D
52	22	D	L	D
52	22	D	R	D
52	22	F	D	U
52	22	F	L	U
52	22	F	R	U
52	22	F	U	U
52	22	L	B	D
52	22	L	D	U
52	22	L	F	D
52	22	L	U	U
52	22	R	B	D
52	22	R	D	U
52	22	R	F	D
52	22	R	U	U
52	22	U	B	D
52	22	U	F	D
52	22	U	L	D
52	22	U	R	D
53	23	B	D	U
53	23	B	L	U
53	23	B	R	U
53	23	B	U	U
53	23	D	B	D
53	23	D	F	D
53	23	D	L	D
53	23	D	R	D
53	23	F	D	U
53	23	F	L	U
53	23	F	R	U
53	23	F	U	U
53	23	L	B	D
53	23	L	D	U
53	23	L	F	D
53	23	L	U	U
53	23	R	B	D
53	23	R	D	U
53	23	R	F	D
53	23	R	U	U
53	23	U	B	D
53	23	U	F	D
53	23	U	L	D
53	23	U	R	D
55	109	B	D	U
55	109	B	L	U
55	109	B	R	U
55	109	B	U	U
55	109	D	B	D
55	109	D	F	D
55	109	D	L	D
55	109	D	R	D
55	109	F	D	U
55	109	F	L	U
55	109	F	R	U
55	109	F	U	U
55	109	L	B	D
55	109	L	D	U
55	109	L	F	D
55	109	L	U	U
55	109	R	B	D
55	109	R	D	U
55	109	R	F	D
55	109	R	U	U
55	109	U	B	D
55	109	U	F	D
55	109	U	L	D
55	109	U	R	D
59	30	B	D	D
59	30	B	L	D
59	30	B	R	D
59	30	B	U	D
59	30	D	B	U
59	30	D	F	U
59	30	D	L	U
59	30	D	R	U
59	30	F	D	D
59	30	F	L	D
59	30	F	R	D
59	30	F	U	D
59	30	L	B	U
59	30	L	D	D
59	30	L	F	U
59	30	L	U	D
59	30	R	B	U
59	30	R	D	D
59	30	R	F	U
59	30	R	U	D
59	30	U	B	U
59	30	U	F	U
59	30	U	L	U
59	30	U	R	U
60	114	B	D	U
60	114	B	L	U
60	114	B	R	U
60	114	B	U	U
60	114	D	B	D
60	114	D	F	D
60	114	D	L	D
60	114	D	R	D
60	114	F	D	U
60	114	F	L	U
60	114	F	R	U
60	114	F	U	U
60	114	L	B	D
60	114	L	D	U
60	114	L	F	D
60	114	L	U	U
60	114	R	B	D
60	114	R	D	U
60	114	R	F	D
60	114	R	U	U
60	114	U	B	D
60	114	U	F	D
60	114	U	L	D
60	114	U	R	D
64	35	B	D	U
64	35	B	L	U
64	35	B	R	U
64	35	B	U	U
64	35	D	B	D
64	35	D	F	D
64	35	D	L	D
64	35	D	R	D
64	35	F	D	U
64	35	F	L	U
64	35	F	R	U
64	35	F	U	U
64	35	L	B	D
64	35	L	D	U
64	35	L	F	D
64	35	L	U	U
64	35	R	B	D
64	35	R	D	U
64	35	R	F	D
64	35	R	U	U
64	35	U	B	D
64	35	U	F	D
64	35	U	L	D
64	35	U	R	D
65	119	B	D	D
65	119	B	L	D
65	119	B	R	D
65	119	B	U	D
65	119	D	B	U
65	119	D	F	U
65	119	D	L	U
65	119	D	R	U
65	119	F	D	D
65	119	F	L	D
65	119	F	R	D
65	119	F	U	D
65	119	L	B	U
65	119	L	D	D
65	119	L	F	U
65	119	L	U	D
65	119	R	B	U
65	119	R	D	D
65	119	R	F	U
65	119	R	U	D
65	119	U	B	U
65	119	U	F	U
65	119	U	L	U
65	119	U	R	U
69	40	B	D	U
69	40	B	L	U
69	40	B	R	U
69	40	B	U	U
69	40	D	B	D
69	40	D	F	D
69	40	D	L	D
69	40	D	R	D
69	40	F	D	U
69	40	F	L	U
69	40	F	R	U
69	40	F	U	U
69	40	L	B	D
69	40	L	D	U
69	40	L	F	D
69	40	L	U	U
69	40	R	B	D
69	40	R	D	U
69	40	R	F	D
69	40	R	U	U
69	40	U	B	D
69	40	U	F	D
69	40	U	L	D
69	40	U	R	D
71	76	B	D	U
71	76	B	L	U
71	76	B	R	U
71	76	B	U	U
71	76	D	B	D
71	76	D	F	D
71	76	D	L	D
71	76	D	R	D
71	76	F	D	U
71	76	F	L	U
71	76	F	R	U
71	76	F	U	U
71	76	L	B	D
71	76	L	D	U
71	76	L	F	D
71	76	L	U	U
71	76	R	B	D
71	76	R	D	U
71	76	R	F	D
71	76	R	U	U
71	76	U	B	D
71	76	U	F	D
71	76	U	L	D
71	76	U	R	D
72	77	B	D	U
72	77	B	L	U
72	77	B	R	U
72	77	B	U	U
72	77	D	B	D
72	77	D	F	D
72	77	D	L	D
72	77	D	R	D
72	77	F	D	U
72	77	F	L	U
72	77	F	R	U
72	77	F	U	U
72	77	L	B	D
72	77	L	D	U
72	77	L	F	D
72	77	L	U	U
72	77	R	B	D
72	77	R	D	U
72	77	R	F	D
72	77	R	U	U
72	77	U	B	D
72	77	U	F	D
72	77	U	L	D
72	77	U	R	D
73	78	B	D	D
73	78	B	L	D
73	78	B	R	D
73	78	B	U	D
73	78	D	B	U
73	78	D	F	U
73	78	D	L	U
73	78	D	R	U
73	78	F	D	D
73	78	F	L	D
73	78	F	R	D
73	78	F	U	D
73	78	L	B	U
73	78	L	D	D
73	78	L	F	U
73	78	L	U	D
73	78	R	B	U
73	78	R	D	D
73	78	R	F	U
73	78	R	U	D
73	78	U	B	U
73	78	U	F	U
73	78	U	L	U
73	78	U	R	U
26	19	B	D	D
26	19	B	L	D
26	19	B	R	D
26	19	B	U	D
26	19	D	B	U
26	19	D	F	U
26	19	D	L	U
26	19	D	R	U
26	19	F	D	D
26	19	F	L	D
26	19	F	R	D
26	19	F	U	D
26	19	L	B	U
26	19	L	D	D
26	19	L	F	U
26	19	L	U	D
26	19	R	B	U
26	19	R	D	D
26	19	R	F	U
26	19	R	U	D
26	19	U	B	U
26	19	U	F	U
26	19	U	L	U
26	19	U	R	U
27	14	B	D	U
27	14	B	L	U
27	14	B	R	U
27	14	B	U	U
27	14	D	B	D
27	14	D	F	D
27	14	D	L	D
27	14	D	R	D
27	14	F	D	U
27	14	F	L	U
27	14	F	R	U
27	14	F	U	U
27	14	L	B	D
27	14	L	D	U
27	14	L	F	D
27	14	L	U	U
27	14	R	B	D
27	14	R	D	U
27	14	R	F	D
27	14	R	U	U
27	14	U	B	D
27	14	U	F	D
27	14	U	L	D
27	14	U	R	D
28	9	B	D	U
28	9	B	L	U
28	9	B	R	U
28	9	B	U	U
28	9	D	B	D
28	9	D	F	D
28	9	D	L	D
28	9	D	R	D
28	9	F	D	U
28	9	F	L	U
28	9	F	R	U
28	9	F	U	U
28	9	L	B	D
28	9	L	D	U
28	9	L	F	D
28	9	L	U	U
28	9	R	B	D
28	9	R	D	U
28	9	R	F	D
28	9	R	U	U
28	9	U	B	D
28	9	U	F	D
28	9	U	L	D
28	9	U	R	D
30	59	B	D	U
30	59	B	L	U
30	59	B	R	U
30	59	B	U	U
30	59	D	B	D
30	59	D	F	D
30	59	D	L	D
30	59	D	R	D
30	59	F	D	U
30	59	F	L	U
30	59	F	R	U
30	59	F	U	U
30	59	L	B	D
30	59	L	D	U
30	59	L	F	D
30	59	L	U	U
30	59	R	B	D
30	59	R	D	U
30	59	R	F	D
30	59	R	U	U
30	59	U	B	D
30	59	U	F	D
30	59	U	L	D
30	59	U	R	D
34	130	B	D	D
34	130	B	L	D
34	130	B	R	D
34	130	B	U	D
34	130	D	B	U
34	130	D	F	U
34	130	D	L	U
34	130	D	R	U
34	130	F	D	D
34	130	F	L	D
34	130	F	R	D
34	130	F	U	D
34	130	L	B	U
34	130	L	D	D
34	130	L	F	U
34	130	L	U	D
34	130	R	B	U
34	130	R	D	D
34	130	R	F	U
34	130	R	U	D
34	130	U	B	U
34	130	U	F	U
34	130	U	L	U
34	130	U	R	U
35	64	B	D	D
35	64	B	L	D
35	64	B	R	D
35	64	B	U	D
35	64	D	B	U
35	64	D	F	U
35	64	D	L	U
35	64	D	R	U
35	64	F	D	D
35	64	F	L	D
35	64	F	R	D
35	64	F	U	D
35	64	L	B	U
35	64	L	D	D
35	64	L	F	U
35	64	L	U	D
35	64	R	B	U
35	64	R	D	D
35	64	R	F	U
35	64	R	U	D
35	64	U	B	U
35	64	U	F	U
35	64	U	L	U
35	64	U	R	U
39	135	B	D	D
39	135	B	L	D
39	135	B	R	D
39	135	B	U	D
39	135	D	B	U
39	135	D	F	U
39	135	D	L	U
39	135	D	R	U
39	135	F	D	D
39	135	F	L	D
39	135	F	R	D
39	135	F	U	D
39	135	L	B	U
39	135	L	D	D
39	135	L	F	U
39	135	L	U	D
39	135	R	B	U
39	135	R	D	D
39	135	R	F	U
39	135	R	U	D
39	135	U	B	U
39	135	U	F	U
39	135	U	L	U
39	135	U	R	U
40	69	B	D	D
40	69	B	L	D
40	69	B	R	D
40	69	B	U	D
40	69	D	B	U
40	69	D	F	U
40	69	D	L	U
40	69	D	R	U
40	69	F	D	D
40	69	F	L	D
40	69	F	R	D
40	69	F	U	D
40	69	L	B	U
40	69	L	D	D
40	69	L	F	U
40	69	L	U	D
40	69	R	B	U
40	69	R	D	D
40	69	R	F	U
40	69	R	U	D
40	69	U	B	U
40	69	U	F	U
40	69	U	L	U
40	69	U	R	U
44	140	B	D	U
44	140	B	L	U
44	140	B	R	U
44	140	B	U	U
44	140	D	B	D
44	140	D	F	D
44	140	D	L	D
44	140	D	R	D
44	140	F	D	U
44	140	F	L	U
44	140	F	R	U
44	140	F	U	U
44	140	L	B	D
44	140	L	D	U
44	140	L	F	D
44	140	L	U	U
44	140	R	B	D
44	140	R	D	U
44	140	R	F	D
44	140	R	U	U
44	140	U	B	D
44	140	U	F	D
44	140	U	L	D
44	140	U	R	D
46	84	B	D	U
46	84	B	L	U
46	84	B	R	U
46	84	B	U	U
46	84	D	B	D
46	84	D	F	D
46	84	D	L	D
46	84	D	R	D
46	84	F	D	U
46	84	F	L	U
46	84	F	R	U
46	84	F	U	U
46	84	L	B	D
46	84	L	D	U
46	84	L	F	D
46	84	L	U	U
46	84	R	B	D
46	84	R	D	U
46	84	R	F	D
46	84	R	U	U
46	84	U	B	D
46	84	U	F	D
46	84	U	L	D
46	84	U	R	D
47	89	B	D	U
47	89	B	L	U
47	89	B	R	U
47	89	B	U	U
47	89	D	B	D
47	89	D	F	D
47	89	D	L	D
47	89	D	R	D
47	89	F	D	U
47	89	F	L	U
47	89	F	R	U
47	89	F	U	U
47	89	L	B	D
47	89	L	D	U
47	89	L	F	D
47	89	L	U	U
47	89	R	B	D
47	89	R	D	U
47	89	R	F	D
47	89	R	U	U
47	89	U	B	D
47	89	U	F	D
47	89	U	L	D
47	89	U	R	D
48	94	B	D	D
48	94	B	L	D
48	94	B	R	D
48	94	B	U	D
48	94	D	B	U
48	94	D	F	U
48	94	D	L	U
48	94	D	R	U
48	94	F	D	D
48	94	F	L	D
48	94	F	R	D
48	94	F	U	D
48	94	L	B	U
48	94	L	D	D
48	94	L	F	U
48	94	L	U	D
48	94	R	B	U
48	94	R	D	D
48	94	R	F	U
48	94	R	U	D
48	94	U	B	U
48	94	U	F	U
48	94	U	L	U
48	94	U	R	U
126	3	B	D	D
126	3	B	L	D
126	3	B	R	D
126	3	B	U	D
126	3	D	B	U
126	3	D	F	U
126	3	D	L	U
126	3	D	R	U
126	3	F	D	D
126	3	F	L	D
126	3	F	R	D
126	3	F	U	D
126	3	L	B	U
126	3	L	D	D
126	3	L	F	U
126	3	L	U	D
126	3	R	B	U
126	3	R	D	D
126	3	R	F	U
126	3	R	U	D
126	3	U	B	U
126	3	U	F	U
126	3	U	L	U
126	3	U	R	U
127	2	B	D	U
127	2	B	L	U
127	2	B	R	U
127	2	B	U	U
127	2	D	B	D
127	2	D	F	D
127	2	D	L	D
127	2	D	R	D
127	2	F	D	U
127	2	F	L	U
127	2	F	R	U
127	2	F	U	U
127	2	L	B	D
127	2	L	D	U
127	2	L	F	D
127	2	L	U	U
127	2	R	B	D
127	2	R	D	U
127	2	R	F	D
127	2	R	U	U
127	2	U	B	D
127	2	U	F	D
127	2	U	L	D
127	2	U	R	D
128	1	B	D	U
128	1	B	L	U
128	1	B	R	U
128	1	B	U	U
128	1	D	B	D
128	1	D	F	D
128	1	D	L	D
128	1	D	R	D
128	1	F	D	U
128	1	F	L	U
128	1	F	R	U
128	1	F	U	U
128	1	L	B	D
128	1	L	D	U
128	1	L	F	D
128	1	L	U	U
128	1	R	B	D
128	1	R	D	U
128	1	R	F	D
128	1	R	U	U
128	1	U	B	D
128	1	U	F	D
128	1	U	L	D
128	1	U	R	D
130	34	B	D	U
130	34	B	L	U
130	34	B	R	U
130	34	B	U	U
130	34	D	B	D
130	34	D	F	D
130	34	D	L	D
130	34	D	R	D
130	34	F	D	U
130	34	F	L	U
130	34	F	R	U
130	34	F	U	U
130	34	L	B	D
130	34	L	D	U
130	34	L	F	D
130	34	L	U	U
130	34	R	B	D
130	34	R	D	U
130	34	R	F	D
130	34	R	U	U
130	34	U	B	D
130	34	U	F	D
130	34	U	L	D
130	34	U	R	D
134	105	B	D	D
134	105	B	L	D
134	105	B	R	D
134	105	B	U	D
134	105	D	B	U
134	105	D	F	U
134	105	D	L	U
134	105	D	R	U
134	105	F	D	D
134	105	F	L	D
134	105	F	R	D
134	105	F	U	D
134	105	L	B	U
134	105	L	D	D
134	105	L	F	U
134	105	L	U	D
134	105	R	B	U
134	105	R	D	D
134	105	R	F	U
134	105	R	U	D
134	105	U	B	U
134	105	U	F	U
134	105	U	L	U
134	105	U	R	U
135	39	B	D	U
135	39	B	L	U
135	39	B	R	U
135	39	B	U	U
135	39	D	B	D
135	39	D	F	D
135	39	D	L	D
135	39	D	R	D
135	39	F	D	U
135	39	F	L	U
135	39	F	R	U
135	39	F	U	U
135	39	L	B	D
135	39	L	D	U
135	39	L	F	D
135	39	L	U	U
135	39	R	B	D
135	39	R	D	U
135	39	R	F	D
135	39	R	U	U
135	39	U	B	D
135	39	U	F	D
135	39	U	L	D
135	39	U	R	D
139	110	B	D	U
139	110	B	L	U
139	110	B	R	U
139	110	B	U	U
139	110	D	B	D
139	110	D	F	D
139	110	D	L	D
139	110	D	R	D
139	110	F	D	U
139	110	F	L	U
139	110	F	R	U
139	110	F	U	U
139	110	L	B	D
139	110	L	D	U
139	110	L	F	D
139	110	L	U	U
139	110	R	B	D
139	110	R	D	U
139	110	R	F	D
139	110	R	U	U
139	110	U	B	D
139	110	U	F	D
139	110	U	L	D
139	110	U	R	D
140	44	B	D	D
140	44	B	L	D
140	44	B	R	D
140	44	B	U	D
140	44	D	B	U
140	44	D	F	U
140	44	D	L	U
140	44	D	R	U
140	44	F	D	D
140	44	F	L	D
140	44	F	R	D
140	44	F	U	D
140	44	L	B	U
140	44	L	D	D
140	44	L	F	U
140	44	L	U	D
140	44	R	B	U
140	44	R	D	D
140	44	R	F	U
140	44	R	U	D
140	44	U	B	U
140	44	U	F	U
140	44	U	L	U
140	44	U	R	U
144	115	B	D	U
144	115	B	L	U
144	115	B	R	U
144	115	B	U	U
144	115	D	B	D
144	115	D	F	D
144	115	D	L	D
144	115	D	R	D
144	115	F	D	U
144	115	F	L	U
144	115	F	R	U
144	115	F	U	U
144	115	L	B	D
144	115	L	D	U
144	115	L	F	D
144	115	L	U	U
144	115	R	B	D
144	115	R	D	U
144	115	R	F	D
144	115	R	U	U
144	115	U	B	D
144	115	U	F	D
144	115	U	L	D
144	115	U	R	D
146	98	B	D	U
146	98	B	L	U
146	98	B	R	U
146	98	B	U	U
146	98	D	B	D
146	98	D	F	D
146	98	D	L	D
146	98	D	R	D
146	98	F	D	U
146	98	F	L	U
146	98	F	R	U
146	98	F	U	U
146	98	L	B	D
146	98	L	D	U
146	98	L	F	D
146	98	L	U	U
146	98	R	B	D
146	98	R	D	U
146	98	R	F	D
146	98	R	U	U
146	98	U	B	D
146	98	U	F	D
146	98	U	L	D
146	98	U	R	D
147	97	B	D	U
147	97	B	L	U
147	97	B	R	U
147	97	B	U	U
147	97	D	B	D
147	97	D	F	D
147	97	D	L	D
147	97	D	R	D
147	97	F	D	U
147	97	F	L	U
147	97	F	R	U
147	97	F	U	U
147	97	L	B	D
147	97	L	D	U
147	97	L	F	D
147	97	L	U	U
147	97	R	B	D
147	97	R	D	U
147	97	R	F	D
147	97	R	U	U
147	97	U	B	D
147	97	U	F	D
147	97	U	L	D
147	97	U	R	D
148	96	B	D	D
148	96	B	L	D
148	96	B	R	D
148	96	B	U	D
148	96	D	B	U
148	96	D	F	U
148	96	D	L	U
148	96	D	R	U
148	96	F	D	D
148	96	F	L	D
148	96	F	R	D
148	96	F	U	D
148	96	L	B	U
148	96	L	D	D
148	96	L	F	U
148	96	L	U	D
148	96	R	B	U
148	96	R	D	D
148	96	R	F	U
148	96	R	U	D
148	96	U	B	U
148	96	U	F	U
148	96	U	L	U
148	96	U	R	U
76	71	B	D	D
76	71	B	L	D
76	71	B	R	D
76	71	B	U	D
76	71	D	B	U
76	71	D	F	U
76	71	D	L	U
76	71	D	R	U
76	71	F	D	D
76	71	F	L	D
76	71	F	R	D
76	71	F	U	D
76	71	L	B	U
76	71	L	D	D
76	71	L	F	U
76	71	L	U	D
76	71	R	B	U
76	71	R	D	D
76	71	R	F	U
76	71	R	U	D
76	71	U	B	U
76	71	U	F	U
76	71	U	L	U
76	71	U	R	U
77	72	B	D	D
77	72	B	L	D
77	72	B	R	D
77	72	B	U	D
77	72	D	B	U
77	72	D	F	U
77	72	D	L	U
77	72	D	R	U
77	72	F	D	D
77	72	F	L	D
77	72	F	R	D
77	72	F	U	D
77	72	L	B	U
77	72	L	D	D
77	72	L	F	U
77	72	L	U	D
77	72	R	B	U
77	72	R	D	D
77	72	R	F	U
77	72	R	U	D
77	72	U	B	U
77	72	U	F	U
77	72	U	L	U
77	72	U	R	U
78	73	B	D	U
78	73	B	L	U
78	73	B	R	U
78	73	B	U	U
78	73	D	B	D
78	73	D	F	D
78	73	D	L	D
78	73	D	R	D
78	73	F	D	U
78	73	F	L	U
78	73	F	R	U
78	73	F	U	U
78	73	L	B	D
78	73	L	D	U
78	73	L	F	D
78	73	L	U	U
78	73	R	B	D
78	73	R	D	U
78	73	R	F	D
78	73	R	U	U
78	73	U	B	D
78	73	U	F	D
78	73	U	L	D
78	73	U	R	D
80	123	B	D	U
80	123	B	L	U
80	123	B	R	U
80	123	B	U	U
80	123	D	B	D
80	123	D	F	D
80	123	D	L	D
80	123	D	R	D
80	123	F	D	U
80	123	F	L	U
80	123	F	R	U
80	123	F	U	U
80	123	L	B	D
80	123	L	D	U
80	123	L	F	D
80	123	L	U	U
80	123	R	B	D
80	123	R	D	U
80	123	R	F	D
80	123	R	U	U
80	123	U	B	D
80	123	U	F	D
80	123	U	L	D
80	123	U	R	D
84	46	B	D	D
84	46	B	L	D
84	46	B	R	D
84	46	B	U	D
84	46	D	B	U
84	46	D	F	U
84	46	D	L	U
84	46	D	R	U
84	46	F	D	D
84	46	F	L	D
84	46	F	R	D
84	46	F	U	D
84	46	L	B	U
84	46	L	D	D
84	46	L	F	U
84	46	L	U	D
84	46	R	B	U
84	46	R	D	D
84	46	R	F	U
84	46	R	U	D
84	46	U	B	U
84	46	U	F	U
84	46	U	L	U
84	46	U	R	U
85	122	B	D	D
85	122	B	L	D
85	122	B	R	D
85	122	B	U	D
85	122	D	B	U
85	122	D	F	U
85	122	D	L	U
85	122	D	R	U
85	122	F	D	D
85	122	F	L	D
85	122	F	R	D
85	122	F	U	D
85	122	L	B	U
85	122	L	D	D
85	122	L	F	U
85	122	L	U	D
85	122	R	B	U
85	122	R	D	D
85	122	R	F	U
85	122	R	U	D
85	122	U	B	U
85	122	U	F	U
85	122	U	L	U
85	122	U	R	U
89	47	B	D	D
89	47	B	L	D
89	47	B	R	D
89	47	B	U	D
89	47	D	B	U
89	47	D	F	U
89	47	D	L	U
89	47	D	R	U
89	47	F	D	D
89	47	F	L	D
89	47	F	R	D
89	47	F	U	D
89	47	L	B	U
89	47	L	D	D
89	47	L	F	U
89	47	L	U	D
89	47	R	B	U
89	47	R	D	D
89	47	R	F	U
89	47	R	U	D
89	47	U	B	U
89	47	U	F	U
89	47	U	L	U
89	47	U	R	U
90	121	B	D	D
90	121	B	L	D
90	121	B	R	D
90	121	B	U	D
90	121	D	B	U
90	121	D	F	U
90	121	D	L	U
90	121	D	R	U
90	121	F	D	D
90	121	F	L	D
90	121	F	R	D
90	121	F	U	D
90	121	L	B	U
90	121	L	D	D
90	121	L	F	U
90	121	L	U	D
90	121	R	B	U
90	121	R	D	D
90	121	R	F	U
90	121	R	U	D
90	121	U	B	U
90	121	U	F	U
90	121	U	L	U
90	121	U	R	U
94	48	B	D	U
94	48	B	L	U
94	48	B	R	U
94	48	B	U	U
94	48	D	B	D
94	48	D	F	D
94	48	D	L	D
94	48	D	R	D
94	48	F	D	U
94	48	F	L	U
94	48	F	R	U
94	48	F	U	U
94	48	L	B	D
94	48	L	D	U
94	48	L	F	D
94	48	L	U	U
94	48	R	B	D
94	48	R	D	U
94	48	R	F	D
94	48	R	U	U
94	48	U	B	D
94	48	U	F	D
94	48	U	L	D
94	48	U	R	D
96	148	B	D	U
96	148	B	L	U
96	148	B	R	U
96	148	B	U	U
96	148	D	B	D
96	148	D	F	D
96	148	D	L	D
96	148	D	R	D
96	148	F	D	U
96	148	F	L	U
96	148	F	R	U
96	148	F	U	U
96	148	L	B	D
96	148	L	D	U
96	148	L	F	D
96	148	L	U	U
96	148	R	B	D
96	148	R	D	U
96	148	R	F	D
96	148	R	U	U
96	148	U	B	D
96	148	U	F	D
96	148	U	L	D
96	148	U	R	D
97	147	B	D	D
97	147	B	L	D
97	147	B	R	D
97	147	B	U	D
97	147	D	B	U
97	147	D	F	U
97	147	D	L	U
97	147	D	R	U
97	147	F	D	D
97	147	F	L	D
97	147	F	R	D
97	147	F	U	D
97	147	L	B	U
97	147	L	D	D
97	147	L	F	U
97	147	L	U	D
97	147	R	B	U
97	147	R	D	D
97	147	R	F	U
97	147	R	U	D
97	147	U	B	U
97	147	U	F	U
97	147	U	L	U
97	147	U	R	U
98	146	B	D	D
98	146	B	L	D
98	146	B	R	D
98	146	B	U	D
98	146	D	B	U
98	146	D	F	U
98	146	D	L	U
98	146	D	R	U
98	146	F	D	D
98	146	F	L	D
98	146	F	R	D
98	146	F	U	D
98	146	L	B	U
98	146	L	D	D
98	146	L	F	U
98	146	L	U	D
98	146	R	B	U
98	146	R	D	D
98	146	R	F	U
98	146	R	U	D
98	146	U	B	U
98	146	U	F	U
98	146	U	L	U
98	146	U	R	U
